{"cameraMode":{"drawMode":0,"name":"Shaded","section":"Shading Mode"},"sceneLighting":false,"audioPlay":false,"sceneViewState":{"m_AlwaysRefresh":false,"showFog":true,"showSkybox":false,"showFlares":true,"showImageEffects":true,"showParticleSystems":true,"showVisualEffectGraphs":true,"m_FxEnabled":true},"in2DMode":false,"pivot":{"x":4.495125770568848,"y":11.062474250793457,"z":-5.035831928253174},"rotation":{"x":0.11375675350427628,"y":0.005318216979503632,"z":-0.0006202645017765462,"w":0.9935231804847717},"size":1.0387364625930787,"orthographic":false}