{"cameraMode":{"drawMode":0,"name":"Shaded","section":"Shading Mode"},"sceneLighting":true,"audioPlay":false,"sceneViewState":{"m_AlwaysRefresh":false,"showFog":true,"showSkybox":true,"showFlares":true,"showImageEffects":true,"showParticleSystems":true,"showVisualEffectGraphs":true,"m_FxEnabled":true},"in2DMode":false,"pivot":{"x":-2.336996078491211,"y":4.091394901275635,"z":-234.43637084960938},"rotation":{"x":0.20313632488250733,"y":-0.019385749474167825,"z":0.0040226406417787079,"w":0.9789513349533081},"size":5.518773078918457,"orthographic":false}