{"cameraMode":{"drawMode":0,"name":"Shaded","section":"Shading Mode"},"sceneLighting":false,"audioPlay":false,"sceneViewState":{"m_AlwaysRefresh":false,"showFog":false,"showSkybox":false,"showFlares":false,"showImageEffects":false,"showParticleSystems":false,"showVisualEffectGraphs":true,"m_FxEnabled":true},"in2DMode":false,"pivot":{"x":-0.0686042457818985,"y":0.44954997301101687,"z":0.11131510138511658},"rotation":{"x":0.1212017685174942,"y":-0.0008909013704396784,"z":0.00010880982154048979,"w":0.99262934923172},"size":1.7660253047943116,"orthographic":false}