{"cameraMode":{"drawMode":0,"name":"Shaded","section":"Shading Mode"},"sceneLighting":false,"audioPlay":false,"sceneViewState":{"m_AlwaysRefresh":false,"showFog":true,"showSkybox":false,"showFlares":true,"showImageEffects":true,"showParticleSystems":true,"showVisualEffectGraphs":true,"m_FxEnabled":true},"in2DMode":false,"pivot":{"x":-3.6029443740844728,"y":0.19303593039512635,"z":84.80000305175781},"rotation":{"x":0.08578649908304215,"y":-0.4442763924598694,"z":0.042770709842443469,"w":0.8907789587974548},"size":2.0374467372894289,"orthographic":false}