{"cameraMode":{"drawMode":0,"name":"Shaded","section":"Shading Mode"},"sceneLighting":false,"audioPlay":false,"sceneViewState":{"m_AlwaysRefresh":false,"showFog":true,"showSkybox":false,"showFlares":true,"showImageEffects":true,"showParticleSystems":true,"showVisualEffectGraphs":true,"m_FxEnabled":true},"in2DMode":false,"pivot":{"x":-0.008144140243530274,"y":-0.08581602573394776,"z":0.24662363529205323},"rotation":{"x":0.2710632383823395,"y":-0.004331556614488363,"z":0.0012198073090985418,"w":0.9625519514083862},"size":2.106363296508789,"orthographic":false}