{"cameraMode":{"drawMode":0,"name":"Shaded","section":"Shading Mode"},"sceneLighting":false,"audioPlay":false,"sceneViewState":{"m_AlwaysRefresh":false,"showFog":true,"showSkybox":false,"showFlares":true,"showImageEffects":true,"showParticleSystems":true,"showVisualEffectGraphs":true,"m_FxEnabled":true},"in2DMode":false,"pivot":{"x":1.0391604900360108,"y":0.7757043838500977,"z":-0.2271113395690918},"rotation":{"x":0.2710632383823395,"y":-0.004331556614488363,"z":0.0012198073090985418,"w":0.9625519514083862},"size":4.560136318206787,"orthographic":false}