{"cameraMode":{"drawMode":0,"name":"Shaded","section":"Shading Mode"},"sceneLighting":false,"audioPlay":false,"sceneViewState":{"m_AlwaysRefresh":false,"showFog":true,"showSkybox":false,"showFlares":true,"showImageEffects":true,"showParticleSystems":true,"showVisualEffectGraphs":true,"m_FxEnabled":true},"in2DMode":false,"pivot":{"x":-0.0030941367149353029,"y":-0.03255310654640198,"z":0.9872351884841919},"rotation":{"x":0.2710632383823395,"y":-0.004331556614488363,"z":0.0012198073090985418,"w":0.9625519514083862},"size":1.045081615447998,"orthographic":false}