{"cameraMode":{"drawMode":0,"name":"Shaded","section":"Shading Mode"},"sceneLighting":false,"audioPlay":false,"sceneViewState":{"m_AlwaysRefresh":false,"showFog":true,"showSkybox":false,"showFlares":true,"showImageEffects":true,"showParticleSystems":true,"showVisualEffectGraphs":true,"m_FxEnabled":true},"in2DMode":false,"pivot":{"x":0.05312478542327881,"y":0.1857675313949585,"z":-0.0582273006439209},"rotation":{"x":-0.23321036994457246,"y":-0.031200982630252839,"z":0.007486367132514715,"w":-0.9719017148017883},"size":2.3968868255615236,"orthographic":false}