{"cameraMode":{"drawMode":0,"name":"Shaded","section":"Shading Mode"},"sceneLighting":false,"audioPlay":false,"sceneViewState":{"m_AlwaysRefresh":false,"showFog":true,"showSkybox":false,"showFlares":true,"showImageEffects":true,"showParticleSystems":true,"showVisualEffectGraphs":true,"m_FxEnabled":true},"in2DMode":false,"pivot":{"x":0.49512577056884768,"y":11.07714557647705,"z":-5.035331726074219},"rotation":{"x":0.158319890499115,"y":0.011848744936287403,"z":-0.0019002595217898489,"w":0.9873179793357849},"size":0.8660253882408142,"orthographic":false}