{"cameraMode":{"drawMode":0,"name":"Shaded","section":"Shading Mode"},"sceneLighting":false,"audioPlay":false,"sceneViewState":{"m_AlwaysRefresh":false,"showFog":true,"showSkybox":false,"showFlares":true,"showImageEffects":true,"showParticleSystems":true,"showVisualEffectGraphs":true,"m_FxEnabled":true},"in2DMode":false,"pivot":{"x":0.05298185348510742,"y":-0.6420690417289734,"z":-0.015427827835083008},"rotation":{"x":-0.12615720927715302,"y":0.1240643635392189,"z":-0.015903295949101449,"w":-0.9840990900993347},"size":3.8743107318878176,"orthographic":false}