{"cameraMode":{"drawMode":0,"name":"Shaded","section":"Shading Mode"},"sceneLighting":false,"audioPlay":false,"sceneViewState":{"m_AlwaysRefresh":false,"showFog":true,"showSkybox":false,"showFlares":true,"showImageEffects":true,"showParticleSystems":true,"showVisualEffectGraphs":true,"m_FxEnabled":true},"in2DMode":false,"pivot":{"x":-0.000026226043701171875,"y":1.9845788478851319,"z":-49.01839828491211},"rotation":{"x":0.14490976929664613,"y":0.03348928689956665,"z":-0.004918883554637432,"w":0.9888942837715149},"size":2.7490224838256838,"orthographic":false}