{"cameraMode":{"drawMode":0,"name":"Shaded","section":"Shading Mode"},"sceneLighting":false,"audioPlay":false,"sceneViewState":{"m_AlwaysRefresh":false,"showFog":false,"showSkybox":false,"showFlares":false,"showImageEffects":false,"showParticleSystems":false,"showVisualEffectGraphs":true,"m_FxEnabled":true},"in2DMode":false,"pivot":{"x":-0.04277616739273071,"y":1.2829136848449708,"z":0.1289246678352356},"rotation":{"x":0.10927632451057434,"y":0.009544530883431435,"z":-0.0010493053123354912,"w":0.9939655661582947},"size":1.7212995290756226,"orthographic":false}